info@andamandaphuket.com,Andamanda Phuket,2026-07-24T06:30:06.227Z
info@aussiediversphuket.com,Aussie Divers Phuket,2026-07-24T06:30:07.600Z
aera.juice@gmail.com,aera juice,2026-07-24T06:30:09.016Z
agliamici.phuket@gmail.com,Agli Amici Pizzeria,2026-07-24T06:30:10.387Z
alissephuket@gmail.com,alisseCloud,2026-07-24T06:30:11.757Z
altaiphuket@gmail.com,Altai,2026-07-24T06:30:13.127Z
reservations.phuket@amatara.com,Amatara Wellleisure Resort,2026-07-24T06:30:14.498Z
reservations@andamanwhitebeach.com,Andaman White Beach Resort,2026-07-24T06:30:15.876Z
angpaohotel@gmail.com,Angpao Hotel,2026-07-24T06:30:17.250Z
chalongbeachhotelandspa@live.com,Aochalong Villa Resort & Spa,2026-07-24T06:30:18.632Z
contact@asiayachtagency.com,Asia Yacht Agency,2026-07-24T06:30:20.006Z
info@austrian-garden.com,Austrian Garden Hotel & Restaurant,2026-07-24T06:30:21.392Z
info@bb-beachhouse.com,B&B Beach House,2026-07-24T06:30:22.752Z
baanarjor@gmail.com,Baan Ar-jor,2026-07-24T06:30:24.112Z
info@karonburi.com,Baan Karonburi Resort,2026-07-24T06:30:25.482Z
baannapatr@gmail.com,Baan Napatr,2026-07-24T06:30:26.837Z
baansuayresortphuket@yahoo.com,Baan Suay,2026-07-24T06:30:28.205Z
order@batumi-restaurant-phuket.com,Baraka,2026-07-24T06:30:29.559Z
info@beachcoconutsbowls.com,Beach Coconuts Bowls,2026-07-24T06:30:30.921Z
reservation@bedspatong.com,Beds Patong,2026-07-24T06:30:32.361Z
duangdawpinyo@gmail.com,Blue Fish BBQ patong,2026-07-24T06:30:33.796Z
phuketbollywood@gmail.com,Bollywood,2026-07-24T06:30:35.432Z
bontapas.phuket@laromegroup.com,Bon Pan Asian Tapas,2026-07-24T06:30:36.795Z
info@boomerangresortphuket.com,Boomerang Resort,2026-07-24T06:30:38.162Z
burger.bytan@gmail.com,Burger Cafe’ by Chef Tan,2026-07-24T06:30:39.530Z
info@carnivalmagic.fun,Carnival Magic,2026-07-24T06:30:40.885Z
info@chabanakamalahotel.com,Chabana Kamala Hotel,2026-07-24T06:30:42.248Z
info@chalongchaletresort.com,Chalong Chalet Resort & Longstay reception,2026-07-24T06:30:43.608Z
chamber10cafe@gmail.com,Chamber by Good Cafe,2026-07-24T06:30:44.963Z
Charcoalpanwabeach@gmail.com,Charcoal Panwa Beach,2026-07-24T06:30:46.342Z
kattpai@hotmail.com,Cheap and Clean House,2026-07-24T06:30:47.742Z
chitholehkt@gmail.com,Chit Hole Phuket Brewery,2026-07-24T06:30:49.094Z
cocotours.phuket@gmail.com,CoCo Tours,2026-07-24T06:30:50.465Z
islandaboutiquehotel@hotmail.com,Cocoon Islanda Hotel,2026-07-24T06:30:51.825Z
coffeehousecafe@gmail.com,Coffee house cafe,2026-07-24T06:30:53.180Z
cryptocoffphuket@gmail.com,Crypto Coff,2026-07-24T06:30:54.535Z
ddfusionfood@gmail.com,DD fusion food & homestay,2026-07-24T06:30:55.893Z
info.deehomestay@gmail.com,dee cafe & bistro,2026-07-24T06:30:57.293Z
hktpa_res@hilton.com,DoubleTree by Hilton Phuket Banthai Resort,2026-07-24T06:30:58.651Z
d2prrsvn@dusit.com,dusitD2 Phuket Resort,2026-07-24T06:31:00.016Z
emeraldgym@gmail.com,Emerald Muay Thaï Gym,2026-07-24T06:31:01.380Z
ginisresort@gmail.com,GINIS BEACH RESORT,2026-07-24T06:31:02.744Z
globalhotelbeachview@gmail.com,Global Hotel Beach View,2026-07-24T06:31:04.144Z
goldseabeach@gmail.com,Goldsea beach hotel,2026-07-24T06:31:05.530Z
ksa22938@gmail.com,GP House Phuket,2026-07-24T06:31:06.896Z
h8109@accor.com,Grand Mercure Phuket Patong,2026-07-24T06:31:08.263Z
greenghostrawai@gmail.com,Green Ghost 🌿👻,2026-07-24T06:31:09.639Z
csr@phuket-hrc.com,Hard Rock Cafe,2026-07-24T06:31:11.068Z
Helmut-schlusslicht@hotmail.com,Helmut's Schlusslicht,2026-07-24T06:31:12.440Z
advtgo@gmail.com,Herbal House Phuket,2026-07-24T06:31:13.833Z
phuketbangtao.reservations@hilton.com,Hilton Garden Inn Phuket Bang Tao,2026-07-24T06:31:15.194Z
admin@hootersphuket.com,Hooters,2026-07-24T06:31:16.556Z
reservations@riu.com,Hotel Riu Palace Phuket,2026-07-24T06:31:17.945Z
d.cavatassi@gmail.com,Il Tagliere Pizzeria Ristorante,2026-07-24T06:31:19.296Z
info@inphukethouse.com,In Phuket House,2026-07-24T06:31:20.655Z
info@jangresort.com,Jang Resort,2026-07-24T06:31:22.031Z
info@johngray-seacanoe.com,John Gray's Sea Canoe,2026-07-24T06:31:23.379Z
info@jubin-tour.com,Jubin Tour Co. Ltd.,2026-07-24T06:31:24.742Z
info@junglextrem.com,Jungle Xtrem Adventure Park,2026-07-24T06:31:26.115Z
kamalaresotel@gmail.com,Kamala Resotel,2026-07-24T06:31:27.759Z
HELLO@KEBABOFF.COM,Kebaboff,2026-07-24T06:31:29.127Z
laromeatbluetree@laromegroup.com,L'Arôme at Blue Tree,2026-07-24T06:31:30.524Z
lacantinaphuket@gmail.com,La Cantina Steak House & Pizzeria  Rawai,2026-07-24T06:31:31.885Z
lacantinaphuket@gmail.com,La Cantina Steak House Ocean View  Karon,2026-07-24T06:31:33.247Z
phuketresotel@yahoo.com,La Moon,2026-07-24T06:31:34.612Z
lamaiguesthouse@hotmail.com,Lamai Guesthouse 1,2026-07-24T06:31:35.964Z
lamaiguesthouse@hotmail.com,Lamai Guesthouse 2,2026-07-24T06:31:37.353Z
letong.res.info@gmail.com,Letong Bar&Restaurant,2026-07-24T06:31:38.749Z
booking@LIVhotelphuket.com,LIV Hotel Phuket Patong Beachfront,2026-07-24T06:31:40.113Z
tomtailani@gmail.com,Magic Garden,2026-07-24T06:31:41.473Z
info@maikhaodream.com,Maikhao Dream Villa Resort & Spa,2026-07-24T06:31:42.830Z
marc.marti@maipreu.com,Maipreu Company,2026-07-24T06:31:44.187Z
rogercorrigan@yahoo.com,Majestic Villas Phuket,2026-07-24T06:31:45.560Z
phuket.apt@gmail.com,MIX CAFE,2026-07-24T06:31:46.918Z
info@naughtynuristhailand.com,Naughty Nuri’s in the Forest,2026-07-24T06:31:48.294Z
navatara.resort@gmail.com,Navatara Phuket Resort,2026-07-24T06:31:49.659Z
equestrian@niranfarm.com,Niran Farm Equestrian Center,2026-07-24T06:31:51.059Z
farmstay@niranfarm.com,Niran Farm Stay,2026-07-24T06:31:52.503Z
orchidhousekamala@gmail.com,Orchid House Kamala,2026-07-24T06:31:53.975Z
info@orientrestaurantphuket.com,Orient Restaurant,2026-07-24T06:31:55.347Z
reservations.surin@outrigger.com,OUTRIGGER Surin Beach Resort,2026-07-24T06:31:56.716Z
paradiseseaview@gmail.com,Paradise Sea View Apartment Resort,2026-07-24T06:31:58.084Z
contact@patong-mansion.com,Patong Mansion Hotel,2026-07-24T06:31:59.473Z
hotel@peach-hill.com,Peach Hill,2026-07-24T06:32:00.858Z
phuketsailtours@gmail.com,Phuket,2026-07-24T06:32:02.208Z
info@phuket-cheap-tour.ru,Phuket Cheap Tour,2026-07-24T06:32:03.563Z
Olgavasil1992@gmail.com,Phuket Holidays,2026-07-24T06:32:04.924Z
res.phuket.kata@gmail.com,Phuket Kata Resort,2026-07-24T06:32:06.289Z
phuketmining2010@gmail.com,Phuket Mining Museum,2026-07-24T06:32:07.785Z
bookings@phuketelephantnaturereserve.com,Phuket Nature Elephant Reserve,2026-07-24T06:32:09.149Z
info@placecoworking.com,Place coworking,2026-07-24T06:32:10.521Z
info@placecoworking.com,Place Residents Hotel,2026-07-24T06:32:11.884Z
reservations@prurestaurant.com,Pru Restaurant,2026-07-24T06:32:13.284Z
h8592@accor.com,Pullman Phuket Karon Beach Resort,2026-07-24T06:32:14.642Z
HA2E5-RE@accor.com,Pullman Phuket Panwa Beach Resort,2026-07-24T06:32:16.034Z
redcorner.res@hotmail.com,Red Corner Restaurant,2026-07-24T06:32:17.391Z
redduckkata@hotmail.com,Red Duck Restaurant soi khoktanod 88/3,2026-07-24T06:32:18.751Z
redonion@siam.de,Red Onion Thai Restaurant,2026-07-24T06:32:20.123Z
order@rentcar24.online,RENTCAR24.ONLINE,2026-07-24T06:32:21.512Z
info@revolutionphuketgym.com,Revolution Gym,2026-07-24T06:32:22.871Z
roadrunnerphuket@gmail.com,Road Runner Phuket,2026-07-24T06:32:24.230Z
info@room-actually.com,Room Actually,2026-07-24T06:32:25.625Z
phuket@rosewoodhotels.com,Rosewood Phuket,2026-07-24T06:32:26.980Z
leoyurk@gmail.com,Royal Palace Tours,2026-07-24T06:32:29.707Z
royalvistapatong@gmail.com,Royal Vista Hotel,2026-07-24T06:32:31.060Z
contact@patong-mansion.com,SabaiJai D,2026-07-24T06:32:32.419Z
semicoloncafeandbistro@gmail.com,Semicolon,2026-07-24T06:32:33.784Z
siamcaferawai2019@gmail.com,Siam Cafe' Sandwich & Guesthouse,2026-07-24T06:32:35.154Z
simbaseatrips@gmail.com,Simba Sea Trips Co; Ltd,2026-07-24T06:32:36.528Z
Camp@SinbiMuayThai.com,Sinbi Muay Thai,2026-07-24T06:32:37.895Z
info@skydance.info,skydance,2026-07-24T06:32:39.257Z
slumberland.hkt@gmail.com,Slumberland Brunch n Beans,2026-07-24T06:32:40.628Z
smileresidence@gmail.com,Smile Residence,2026-07-24T06:32:42.058Z
phuketptivelege@sothaispa.com,So Thai spa Phuket privelege,2026-07-24T06:32:44.866Z
spicesearesort@gmail.com,Spice & Sea Resort,2026-07-24T06:32:46.248Z
chill@sripanwa.com,Sri Panwa,2026-07-24T06:32:47.606Z
info@sunbeachhouse.com,Sun Beach House,2026-07-24T06:32:48.962Z
info@upergirljaroonsak.com,Supergirl Jaroomsak Gym,2026-07-24T06:32:50.324Z
info@surinbeachresortphuket.com,Surin Beach Resort,2026-07-24T06:32:51.727Z
info@surintra.com,Surintra Boutique Resort,2026-07-24T06:32:53.092Z
info@sutaiphuket.com,Sutai Muay Thai,2026-07-24T06:32:54.455Z
sweetlemongrass@hotmail.com,Sweet Lemongrass Massage 2,2026-07-24T06:32:55.817Z
tanailstudio@gmail.com,TA Nails Studio Rawai,2026-07-24T06:32:57.184Z
info@tatummansion.com,Tatum Mansion,2026-07-24T06:32:58.540Z
tbilisirestaurantphuket@gmail.com,Tbilisi Georgian Restaurant,2026-07-24T06:32:59.912Z
info@thatsamorephuket.com,That’s Amore Restaurant,2026-07-24T06:33:01.321Z
info@thebluepearlkata.com,The Blue Pearl,2026-07-24T06:33:02.786Z
info@thejunctionpakdee.com,The Junction Pakdee Sports Bar,2026-07-24T06:33:04.212Z
rsvn@thekirivillas.com,The Kiri Villas Resort,2026-07-24T06:33:05.586Z
reservations@mangosteen-phuket.com,The Mangosteen Restaurant & Wine Cellar,2026-07-24T06:33:06.952Z
residences@pavilionshotels.com,The Pavilions Phuket,2026-07-24T06:33:08.420Z
reservations@thesurinphuket.com,The Surin,2026-07-24T06:33:09.793Z
reservation@thetintphuket.com,The Tint @ Phuket Town,2026-07-24T06:33:11.166Z
admin@vchospitalitygroup.com,TUSK Restaurant  Patong Phuket,2026-07-24T06:33:12.533Z
booking@twoseatour.com,Two Sea Tour,2026-07-24T06:33:13.907Z
rsvn1@twovillasholiday.com,Two Villas Holiday,2026-07-24T06:33:15.281Z
roadhousepatong@yahoo.com,Uncle Yura's restaurant,2026-07-24T06:33:16.638Z
alexkolinz@gmail.com,Veranda,2026-07-24T06:33:18.044Z
rsvn@villazolitude.com,Villa Zolitude Phuket,2026-07-24T06:33:19.407Z
info@welcomeinnvilla.com,Welcome inn Villa,2026-07-24T06:33:20.757Z
contact@yennakamalaphuket.com,Yenna Apartment,2026-07-24T06:33:22.115Z
Montiratim@gmail.com,ครัวคุณติ๋ม,2026-07-24T06:33:23.531Z
info@supamuaythaiphuket.com,คิงคา ศุภภะมวยไทย,2026-07-24T06:33:24.895Z
nans_bar@hotmail.com,แนนบาร์,2026-07-24T06:33:26.258Z
scarletbest29@gmail.com,บ้านอิฉัน,2026-07-24T06:33:27.630Z
nm_talang@finearts.go.th,พิพิธภัณฑสถานแห่งชาติ ถลาง,2026-07-24T06:33:29.009Z
Tropicoza@gmail.com,ระเบียง,2026-07-24T06:33:30.366Z
tbilisi.phuket@gmail.com,ร้านอาหารจอร์เจียนในภูเก็ต - ทบิลิซิ,2026-07-24T06:33:31.727Z
rcbpatong@yahoo.co.th,โรงแรมอาร์ซีบีป่าตอง,2026-07-24T06:33:33.085Z
phect1979@gmail.com,ลิซ่า มาสสาจ,2026-07-24T06:33:34.634Z
winrisa999@gmail.com,วินริสา เพลส,2026-07-24T06:33:35.995Z
