business_name,website,area,category,google_rating
Cafe Phuket Viewpoint,https://instagram.com/cafephuket_viewpoint?igshid=YmMyMTA2M2Y=,Patong,Cafe,4.6
Amritsr Restaurant Patong- Indian Restaurant in Phuket,http://www.amritsr.com/,Patong,Indian Restaurant,4.9
Cappadocia Turkish Restaurant Patong Phuket,https://www.cappadociarestaurantsthailand.com/,Patong,Turkish Restaurant,4.9
Amritsr Restaurant Patong Beach Road - Indian Restaurant in Phuket,https://amritsr.com/,Patong,Indian Restaurant,4.8
Phuket FantaSea,https://phuketfantasea.fun,Kamala,Theme park,4.4
Chillva Market,https://www.facebook.com/Chillvamarket,Old Town,Market,4.4
"KIRI Restaurant, Kata Beach",https://www.sugarmarinahotel.com/restaurants/,Kata,Restaurant,4.7
Café del Mar Phuket Beach Club,https://phuket.cafedelmar.com/?utm_source=google&utm_medium=organic&utm_campaign=gbp-website-link,Kamala,Business,4.3
Illuzion Phuket,http://www.illuzionphuket.com/,Patong,Nightlife,4.4
Amritsr Old Town,https://www.amritsr.com/,Phuket Town,Indian Restaurant,4.8
Zuri Restaurant Patong Beach Phuket | Sunset Dining & Cocktails,https://zurirestaurant.com/,Patong,Restaurant,4.8
Little Paris French Bistronomy Restaurant Phuket,https://www.littleparisphuket.com/,Bang Tao,French Restaurant,4.8
Sansabai Massage,http://www.sansabai-massage.com/,Patong,Spa,4.8
One Chun Cafe & Restaurant,https://openlink.co/onechunphuket,Phuket Town,Thai Restaurant,4.4
Naughty Nuri’s Phuket,https://naughtynuristhailand.com/,Patong,Restaurant,4.7
Meg Khram the Sunshine & Submarine 223 Bar,https://megkhramthesunshine.com/,Patong,Restaurant,4.7
KUDO Hotel & Beach Club,https://www.kudohotel.com/,Patong,Business,4.5
SIAM Phuket - Seafood Restaurant,https://dejavusinternational.com/siam-seafood.php,Patong,Restaurant,4.8
"KIRI Restaurant, Karon Beach",http://www.kiriphuket.com/,Karon,Restaurant,4.7
Kan Eang Restaurant - ร้านกันเอง,https://kaneang.com/,Chalong,Seafood Restaurant,4.5
Day & Night Of Phuket,https://www.dayandnight.co.th/phuket/,Phuket Town,Restaurant,4.7
BOOST | Cafe & Restaurant Phuket,https://boostcafethailand.com/,Nai Harn,Cafe,4.8
Tu Kab Khao Restaurant Phuket,https://www.facebook.com/tukabkhao/,Old Town,Thai Restaurant,4.2
Patong Social Phuket Restaurant & Hotel - Best Indian & Thai Food,http://wa.me/+66%2081%20676%202707,Patong,Restaurant,4.8
Chekhoff,https://foodmenu.online/chekhoffphuket,Kata,Family Restaurant,4.8
Club Med Phuket,https://www.clubmed.de/cm/resort-phuket-thailand_p-14-l-AE-v-PHUC-ac-vh.html,Kata,Hotel,4.6
"NARA MASSAGE & SPA PHUKET (Chalong, Patak Rd.)",http://www.naramassagespa.com/,Chalong,Massage spa,4.8
Tann Beach club,https://tannbeachclub.com/,Kata,Business,4.5
Baan Thai Seafood Restaurant,https://baanthaiseafoodrestaurant.shop/,Patong,Seafood Restaurant,4.8
Aquaria Phuket,https://www.aquaria-phuket.com/,Old Town,Aquarium,4.3
Ton Mai Spa & Massage Rawai Phuket,https://www.tonmaispa.com/,Rawai,Spa,4.8
Harem Club Phuket,https://suzywongs.com/harem.html,Patong,Night Club,4.9
TAPAS Cafe & Restaurant - Phuket Old Town,https://tapasphuket.com/,Phuket Town,Restaurant,4.8
Hidden Cafe Phuket,https://openlink.co/hiddencafephuket,Kata,Restaurant,4.8
Blue Elephant Phuket Cooking School & Restaurant,https://www.blueelephant.com/phuket/,Old Town,Thai Restaurant,4.7
Phuket Elephant Sanctuary,http://www.phuketelephantsanctuary.org/,Paklok,Tourist Attraction,4.8
Yona Beach Club,https://www.yonabeach.com/?utm_source=google&utm_medium=business_profile&utm_campaign=website_button,Koh Kaew,Business,4.7
Barra Cuda Beach Club Phuket,https://www.barracudaphuket.com/,Patong,Business,4.8
Hilltop cafe - Sinae Phuket Luxury Hotel,https://order.handigo.co/booking/table-booking/307/27,Phuket Town,Cafe,4.1
Suzy Wong's A Go-Go,https://suzywongs.com/,Patong,Business,4.8
SAMA Onsen & Massage,https://samaonsenspa.com/,Phuket Town,Massage spa,4.9
"E-Gokart Track (G Floor, Central Phuket Floresta) - 电动卡丁车赛道 - Трасса для электрокартинга -",http://egokart.monowheel.bike/,Old Town,Go-karting venue,4.9
The Neighbors Cafe,https://www.facebook.com/theneighborshostel/,Phuket Town,Breakfast Restaurant,4.7
Pure Serenity Luxury Spa - Patong Phuket,https://pureserenityphuket.com/,Patong,Spa,4.9
Royal Phuket City Hotel,https://www.royalphuketcity.com/,Phuket Town,Hotel,4.3
Malika Sky Bar,https://www.kalimaresort.com/dining/malika-sky-bar-and-terrace,Patong,Bar,4.9
Carpe Diem Beach Club - Phuket,http://www.carpediemphuket.com/,Surin,Business,4.8
Chekhoff Restaurant & Bakery,https://taplink.cc/chekhoffphuket,Karon,Restaurant,4.9
Dino Park Mini Golf & Restaurant,https://www.dinopark.com/,Kata,Golf Course,4.4
Sea Massage Phuket,https://www.seamassagephuket.com/,Phuket Town,Spa,4.8
Su Va Na,https://suvanaphuket.com/,Old Town,Fine Dining Restaurant,4.8
Tree Bay Clubhouse,https://treebay.bookmai.com/en/menu,Kata,Restaurant,4.7
Lyn's Spa & Massage Patong - Authentic Thai Spa,https://lynspapatong.com/,Patong,Spa,4.9
Issara Restaurant & Bar – Kata Beach,https://issaraphuket.com/,Kata,Restaurant,4.8
GOAT Beach Club Phuket,https://www.goatbeachclubphuket.com/,Surin,Mediterranean Restaurant,5
Catch Beach Club,http://www.catchbeachclub.com/,Bang Tao,Business,4.2
Novotel Phuket City Phokeethra,https://all.accor.com/lien_externe.svlt?goto=fiche_hotel&code_hotel=9932&merchantid=seo-maps-TH-9932&sourceid=aw-cen&utm_medium=seo%20maps&utm_source=google%20Maps&utm_campaign=seo%20maps,Phuket Town,Hotel,4.6
Suzy Wongs 3,http://www.suzywongs.com/suzy-wongs-3,Patong,Night Club,4.9
Blu Monkey Hub & Hotel Phuket,http://www.blumonkeyphuket.com/,Phuket Town,Hotel,4.5
"Golden Paradise Restaurant(NORTH-INDIAN CURRY HOUSE) || Best Indian Restaurant, Veg And Non Veg Restaurant, Vegan Restaurant",https://www.goldenparadiserestaurants.com/,Kata,Indian Restaurant,4.8
"Oasis Spa (Turquoise Cove Spa, Kamala)",https://oasisspa.net/en/destination/phuket/Turquoise_Cove_Spa/?utm_source=mamgbp&utm_medium=gbp&utm_campaign=tck,Kamala,Spa,4.8
The Kitchen Patong,https://www.kitchen-thailand.net/,Patong,Restaurant,4.5
Phuket Dive Tours - Patong Dive Center,http://phuketdivetours.com/,Patong,Sporting Goods Store,5
New York Live Music Bar,https://newyorklivemusic.club/,Patong,Bar,4.4
Hello Gold5 Massage & Spa,https://www.facebook.com/profile.php?id=61560024874428&mibextid=LQQJ4d,Patong,Health,4.9
Smigo's Bar & Restaurant,http://www.smigobarphuket.com/,Bang Tao,Bar & Grill,4.7
B2 Phuket Boutique & Budget Hotel,http://www.b2hotel.com/phuket/b2-phuket-boutique-budget-hotel/,Old Town,Hotel,4.3
Ciao Pizza and Grill,https://pizzagrillphuket.com/?&utm_source=googlemaps&utm_medium=googlemaps_website&utm_campaign=googlemaps_website&utm_content=googlemaps_website,Karon,Italian Restaurant,4.6
Cattleya Restaurant Kata Beach,https://cattleyakata.com/,Kata,Restaurant,4.8
Jay’s Kitchen,https://www.jayskitchenkaron.com,Karon,Restaurant,4.9
De Flora Spa & Massage,http://www.defloraspa.com/,Patong,Massage spa,4.5
Chann Spa,https://www.channspaphuket.com/,Kamala,Spa,5
Khubani Rooftop Bar and Restaurant خوباني,https://khubanirooftopphuket.com/,Patong,Turkish Restaurant,4.8
Kata on Fire Bar and Grill,https://www.facebook.com/Kataonfirebarandgrill/,Kata,Restaurant,4.7
Ko Ang Seafood,http://www.facebook.com/arngseafood.phuket,Phuket Town,Seafood Restaurant,4.2
NumNum Old Town Cafe & Restaurant,https://www.numnumoldtown.com/,Old Town,Turkish Restaurant,4.8
FLYO Rooftop Beach Club Phuket,http://flyophuket.com/,Patong,Lounge bar,4.8
MB ALL Seafood Phuket เอ็มบี ออลล์ ซีฟู้ด สาขาภูเก็ต,http://www.mballseafood.com/,Koh Kaew,Seafood Restaurant,4.8
Sugar Goat,https://www.instagram.com/cafe.sugargoat,Bang Tao,Breakfast Restaurant,4.8
Diamond Phuket Airport Scooter Motorbike Rental,https://phuketairportscooterrental.com/,Airport,Services,4.8
Blue Harbour Coffee at Tri-​Trang Beach,https://elephanttrailphuket.rezio.shop/th?utm_source=admin&utm_medium=click_mysitebutton&utm_campaign=gotomysite,Patong,Restaurant,4.8
Ton Mai Se Thong Massage & Beauty 3,http://www.tonmaisethong.com/,Patong,Massage spa,5
SUNSURI PHUKET,https://www.sunsuri-phuket.com/,Nai Harn,Hotel,4.6
BAAN PRAN 4 MASSAGE & NAIL (Brand 4 Kata),https://wa.me/message/UDAVEN4E2423L1,Kata,Massage spa,4.9
BLUE BEACH Cafe & Restaurant,https://www.facebook.com/Blue-Beach-Cafe-Restaurant-101128889188361,Patong,Thai Restaurant,4.7
BAAN PRAN 5 MASSAGE & NAIL (Brand 5 Kata),https://wa.me/message/UDAVEN4E2423L1,Kata,Massage spa,4.9
Palm Square,https://www.facebook.com/PalmSquareKata/,Kata,Restaurant,4.5
Grove Phuket,http://www.grovephuket.com/,Panwa,Cafe,4.7
Love Diving Phuket,http://www.phuketdiving.org/,Patong,Sporting Goods Store,4.9
Dark House Adventure,https://worldofshadowgame.com/,Chalong,Amusement Center,5
Motorbike Rental Station Phuket Free Delivery,https://motorbike-rental-station-phuket.com/,Patong,Services,4.9
Sugar and Spice Restaurant and Inn,https://www.phuket101.net/sugar-and-spice-restaurant-phuket/,Kata,Thai Restaurant,4.4
Baboon Phuket,https://www.baboonphuket.com/,Chalong,Restaurant,4.8
517 Fisherman Seafood Restaurant Patong,https://www.facebook.com/517fishermanseafood,Patong,Seafood Restaurant,4.6
Healthland,http://www.healthlandmassage.com/,Patong,Massage,4.6
Chai Motorbike Rental&Sea Expert Travel Service,https://www.facebook.com/SeaExpertTravelTrip/,Phuket Town,Services,4.8
On The Rock Restaurant,http://www.marinaphuket.com/restaurants.html,Kata,Restaurant,4.2
Eightfold,https://th.tripadvisor.com/Restaurant_Review-g1210687-d1392030-Reviews-Eightfold_Restaurant-Kata_Beach_Karon_Phuket.html?m=19905,Kata,Restaurant,4.7
Spice House Kata,https://spicehousephuket.com/,Kata,Russian Restaurant,4.7
BEST TAILOR PHUKET PATONG SUIT SHOP,https://www.facebook.com/Besttailorphuketpatong,Patong,Tailor,5
Tree O’clock Gallery & Restaurant,https://www.treeoclockphuket.com/,Cherngtalay,Restaurant,4.8
ร้านพิเศษ สาขาภูเก็ต Piset Restaurant Phuket,https://www.facebook.com/pisetrestaurantphuket,Old Town,Seafood Restaurant,4.6
Maimorn Forest,https://www.maimornforest.com/,Phuket Town,Thai Restaurant,4.5
"Oasis Spa (Tropical Retreat Spa, Laguna)",https://oasisspa.net/en/destination/phuket/Tropical_Retreat_Spa/?utm_source=mamgbp&utm_medium=gbp&utm_campaign=trl,Bang Tao,Spa,4.8
Courtyard by Marriott Phuket Town,https://www.marriott.com/en-us/hotels/hktct-courtyard-phuket-town/overview/?scid=f2ae0541-1279-4f24-b197-a979c79310b0,Phuket Town,Hotel,4.5
FUGA Beach Club,http://www.fugabeachclub.com/,Patong,Restaurant,4.1
Siladon Spa,http://siladonspas.com,Patong,Massage & spa,4.9
Sabaijai cafe,http://sabaijai.restaurantwebexperts.com/,Karon,Restaurant,4.7
EAT Bar & Grill Restaurant Karon,http://eatbargrill.net/,Kata,Steak House,4.7
Чехов,http://phuket-tropic-tours.ru/,Karon,Restaurant,4.9
Sense Spa Phuket,https://sensespaphuket.com/,Old Town,Spa,4.8
Ibis Styles Phuket City,https://all.accor.com/lien_externe.svlt?goto=fiche_hotel&code_hotel=9929&merchantid=seo-maps-TH-9929&sourceid=aw-cen&utm_medium=seo%20maps&utm_source=google%20Maps&utm_campaign=seo%20maps,Phuket Town,Hotel,4.3
Ton Mai Se Thong Massage & Beauty Soi Sansabai,http://www.tonmaisethong.com/,Patong,Massage spa,4.9
Red Hot,https://www.phuketbars.info/red_hot_club_94.php,Patong,Bar,4.4
New David Jone,https://newdjtailor.com/,Patong,Tailor,5
Sea Bees Diving - Phuket,https://sea-bees.com/diving-phuket/,Chalong,Sports Activity Location,4.9
Cheap as Chips Motorbike Rental,https://motorbikerentalphuket.com/,Patong,Services,4.8
Pinewood Massage Spa and Onsen (Kata Beach),http://wa.me/66821071957,Kata,Massage spa,5
Bang Pae Seafood Restaurant,https://www.facebook.com/bangpaeseafood/,Paklok,Seafood Restaurant,4.5
Palm Spa & Massage,https://www.facebook.com/PALMSPAMASSAGE/,Kata,Beauty & spa,4.9
"Oasis Spa (Sky Breeze Spa, Kata)",https://oasisspa.net/en/destination/phuket/Sky_Breeze_Spa/?utm_source=mamgbp&utm_medium=gbp&utm_campaign=sbk,Kata,Spa,4.9
Cafe Delight Phuket Old Town,https://cafedelightphuket.com/,Phuket Town,Breakfast Restaurant,4.8
XANA,https://www.angsana.com/thailand/laguna-phuket/dining/xana,Bang Tao,Restaurant,4.3
Sinae Phuket,http://www.sinaephuket.com/,Phuket Town,Hotel,4.5
KANTA PHUKET,https://onebooking.co/welcome/KT/packages,Old Town,Restaurant,4.9
Thanoon Seafood,https://www.facebook.com/share/15zi6ktB5n/,Mai Khao,Seafood Restaurant,4.3
Pearl Hotel Phuket,https://www.pearlhotelphuket.com/?utm_source=instagram&utm_medium=organic_social,Phuket Town,Hotel,4.1
Rawai Park,http://rawaipark.com/,Rawai,Playground,4.4
CASHMERE SUIT TAILOR PHUKET,http://www.cashmere-suit.com/,Patong,Tailor,5
F&T MOTORBIKE PHUKET,https://ftmotorbike.com/,Patong,Services,4.9
Hotel Tide Phuket,http://hoteltidephuket.com/,Phuket Town,Hotel,4.1
Medusa Patong,https://medusapatong.shop/,Patong,Restaurant,4.6
Dara Hotel,http://www.daraphuket.com/,Old Town,Hotel,4.1
Body Works Thai Massage Patong 2,https://bodyworksphuket.com/,Patong,Massage,4.9
THAN Spa & Massage Phuket,https://www.facebook.com/than.spa.massage/,Old Town,Massage spa,4.9
Dinner in the Sky Phuket | Restaurant,https://dinnerintheskyphuket.com/?utm_source=google&utm_medium=maps&utm_campaign=site,Karon,Restaurant,4.9
HOMA Phuket Town,https://www.homa.co/,Old Town,Lodging,4.7
PANAME Brasserie Phuket,https://www.facebook.com/profile.php?id=100090447728654,Patong,European Restaurant,4.7
Fira Beach Club,https://firaphuket.com/,Kata,Business,4.7
BON Phuket Old Town,https://en.laromegroup.com/bonrestaurants,Phuket Town,Restaurant,4.7
Hotel IKON Phuket,http://www.hotel-ikon.com/,Karon,Hotel,4.4
The Beach Cuisine,https://linktr.ee/thebeachcuisine?utm_source=linktree_profile_share,Surin,Restaurant,4.6
Merlin Divers,https://phuket-diving-thailand.net/,Kamala,Diving,4.9
Kim's Massage & Spa 12 Old Town Thalang Road,https://www.kimsmassagespa.com/,Old Town,Spa,4.7
Tambu Phuket,https://www.tambuphuket.com/,Patong,Indian Restaurant,4.8
Kim’s Massage & Spa Patong Beach.,http://www.kimsmassagespa.com/,Patong,Spa,4.5
"Eleganza Fashion Tailor Bangtao Beach, Phuket",https://www.eleganzafashion.net/,Bang Tao,Tailor,5
Sunlique Rooftop Restaurant,https://sunlique.com/,Kata,Restaurant,4.7
The Baray Spa,https://www.phuketsawasdee.com/the-baray-spa/,Kata,Spa,4.9
Barfunk Phuket,http://www.barfunkphuket.com/,Patong,Bar,4.4
"Karlsson Restaurant and Steakhouse - Karon, Phuket",http://www.karlssonrestaurant.com/,Karon,Restaurant,4.5
Day & Night Of CherngTalay,http://www.dayandnight.co.th/,Bang Tao,Restaurant,4.8
Magnifique Tailor,http://www.magnifiquetailor.com/,Patong,Tailor,4.9
RestDay Coffee Bar & Bake House,https://www.instagram.com/restdayphuket,Phuket Town,Coffee Shop,4.9
LION HOUSE Phuket,https://www.facebook.com/lionhousephuket,Phuket Town,Business,4.8
Sri Panwa Phuket Luxury Pool Villa Hotel,https://www.sripanwa.com/,Cape Panwa,Hotel,4.7
Rosmarino Restaurant,http://www.rosmarinorestaurant.com/,Karon,Italian Restaurant,4.6
GRAPH Phuket,http://graphcoffeeco.com/,Phuket Town,Coffee Shop,4.7
Armania Phuket,https://www.barfunkphuket.com/,Patong,Night Club,4.4
BLACK OUT PATONG,https://flyophuket.com/,Patong,Bar,5
Scubadeep Phuket,https://www.scubadeep.co.th/,Patong,Sports Activity Location,5
Onbeach Massage & Spa Patong,http://www.onbeachspa.com/,Patong,Massage spa,4.9
Big Boys' Burger Club - Jungceylon Patong,https://www.bigboysburgerclub.co.th/,Patong,Hamburger Restaurant,4.9
Lucky Rent,https://luckyrent-phuket.com/,Chalong,Services,4.8
La Playa - Patong Beach,http://stayatcasasolana.com/,Patong,Restaurant,4.7
Star Tailor House Bespoke Tailor Phuket,http://www.startailorphuket.com/,Patong,Tailor,5
"Soul Senses Spa & Wellness - Phuket Old Town, Thailand",https://soulsensesspa.ae/landing-page/,Old Town,Spa,4.9
Orientala Spa,https://www.orientalaspa.com/phuket-patong.html,Patong,Spa,4.4
"RENTAL MOTOR PATONG 2: TMAX, XADV, SCOOTER & MOTORBIKE FOR RENT IN PHUKET",https://www.rentalmotorpatong.com/,Patong,Services,4.9
Sugar Club Phuket,https://www.sugarclub-phuket.com/,Patong,Nightlife,3.7
Phuket Inn Travel,http://www.phuketinntravel.com/,Patong,Tour Agency,5
Andrei Motorbike Rent — Kata Karon,https://phuket.rentmotorbike.org/,Karon,Services,4.9
Mamma Mia Grill & Restaurant Bangtao,https://mammamiabangtao.com/,Bang Tao,Restaurant,4.4
Taste Bistro & Grill,https://www.taste-patong.com/,Patong,Restaurant,4.8
EcoLoft Hotel,https://www.ecolofthotel.com/,Phuket Town,Hotel,4.5
Hatha Massage Patong,https://www.facebook.com/profile.php?id&open_field=website&sk=about_contact_and_basic_info,Patong,Massage,4.7
Portosino Restaurant,https://www.avistagrandephuketresort.com/restaurants-bars/portosino/?utm_source=google+Maps&utm_medium=seo+maps&utm_campaign=seo+maps,Kata,Thai Restaurant,4.7
Sam Boutique Tailors Phuket,https://www.besttailorkaron.com/,Karon,Tailor,5
Go Rentals Phuket Bike Car Property Rentals (Station 1),http://www.gorentalsphuket.com/,Bang Tao,Services,4.9
Rth Ram Tailor House,https://www.tripadvisor.com/Attraction_Review-g1379324-d15354516-Reviews-RTH_Ram_Tailor_House-Kamala_Kathu_Phuket.html,Kamala,Tailor,5
Phuket Big Bike,https://phuketrentbike.com/,Kata,Services,4.9
Blue Bistro and Bar,https://restaurantpatong.com/,Patong,Restaurant,4.8
Baba Beach Club Phuket Natai Luxury Pool Villa Hotel by Sri panwa,https://www.bababeachclub.com/natai,Mai Khao,Resort hotel,4.7
ACDC Diving Phuket,https://www.acdcdivingphuket.com/,Chalong,Sports Activity Location,5
Local Canteen Phuket,http://www.localcanteen.com/,Old Town,Restaurant,4.9
Pine Beach Bar,https://phuket.intercontinental.com/dining/pine,Kamala,Bar,4.7
White Rabbit Beach Club,https://www.instagram.com/whiterabbitbeachclub/,Chalong,Business,4.3
Crave Restaurant and Bar,https://www.facebook.com/profile.php?id=100088222629860&mibextid=LQQJ4d,Surin,Restaurant,4.7
Craftist Phuket,https://craftistphuket.wixsite.com/site,Old Town,Coffee Shop,4.7
Two Chefs Karon Beach,https://www.twochefs.com/,Karon,Restaurant,4.6
The Royal P Boutique Hotel,http://the-royal-p.hotelsofphuket.com/en/,Old Town,Hotel,4.2
TOH DAENG at Phuket old town,https://www.tohdaengphuket.com/,Old Town,Restaurant,4.9
NORA Beach Club,https://www.norabeachclub.com/,Bang Tao,Restaurant,4.5
Sweet Lemongrass Massage 5,https://www.facebook.com/sweetlemongrassphuket/,Kata,Massage spa,4.8
Bedline Hotel,http://www.bedlinehotel.com/,Phuket Town,Hotel,4.7
Zenithy Gentlemen’s Club Phuket,https://zenithyphuket.com/,Patong,Night Club,4.6
"Eden by the Lake : Restaurant & Lounge in Boat Avenue, Phuket",https://www.edengrillphuket.com/,Bang Tao,Restaurant,4.7
"SSS Phuket Dive, Freedive & Surf",https://www.sssphuket.com/,Kata,Sports Club,4.9
Lamit&bounty restaurant,https://www.facebook.com/profile.php?id=61551882341601&mibextid=LQQJ4d,Kata,Restaurant,4.8
Let's Relax Spa - Phuket Boat Lagoon,https://letsrelaxspa.com/,Koh Kaew,Massage spa,4.6
Beehive Phuket Old Town,https://beehivephuketoldtown.top/,Phuket Town,Hotel,4.1
The Palm Cuisine,https://movenpick.accor.com/en/asia/thailand/phuket/resort-phuket-bangtao/restaurants/the-palm-cuisine.html?utm_source=google+Maps&utm_medium=seo+maps&utm_content=restaurant-B4J4-the_palm_cuisine&utm_campaign=seo+maps,Bang Tao,Thai Restaurant,4.9
Casa Boho Phuket,http://www.casabohophuket.com/,Kamala,Latin American Restaurant,4.7
Kanin Cafe Phuket - Specialty Coffee & All Day Breakfast and Brunch,https://www.instagram.com/kanincafe/?hl=en,Bang Tao,Cafe,4.7
Rise and Grind Phuket วันใหม่ในเมืองเก่า “Specialty Coffee & Healthy Food”,https://www.instagram.com/riseandgrindoldtown?igsh=MXZ5cmhrcHVhaWViOA==,Phuket Town,Bistro,4.9
La Marée restaurant,https://lamareephuket.com/,Cherngtalay,Restaurant,4.8
Phuket Romantic Dining,https://phuketromanticdining.com/,Kamala,Fine Dining Restaurant,4.9
Amorn's Tailors,http://www.amorns.com/,Kata,Tailor,5
Bikago Scooter and Motorbike Rentals - Phuket,https://www.bikago.com/phuket/?utm_source=google&utm_medium=organic&utm_campaign=gbp&utm_content=10,Cherngtalay,Services,4.9
Phuket Wake Park,https://phuketwakepark.com/,Kathu,Water Park,4.2
Trampoline Club Phuket 50FLY/батуты,https://50fly.club/,Old Town,Business,4.8
LUME Seafood Restaurant & Bar,https://lumephuket.com/?utm_source=google&utm_medium=business_profile&utm_campaign=gmb_traffic,Koh Kaew,Mediterranean Restaurant,4.9
Go Travel Phuket,http://www.gotravelphuket.com/,Kathu,Travel Agency,5
SabaiJai D Massage,https://www.patong-mansion.com/spa-massages/,Patong,Massage spa,4.9
Phuket Scooter Rental,https://phuketscooterrental.com/rentabike/reservation/,Phuket Town,Services,4.8
Экскурсии на Пхукете - Золотой Ключик - Phuket Best Tours and Trips,https://goldenkeytours.com/,Phuket Town,Tour Agency,4.9
TaiPan Nightclub,https://taipannightclub.com/,Patong,Night Club,4.1
Two friends kitchen,https://linktr.ee/twofriendskitchen,Kata,Restaurant,4.9
Religion Phuket,https://religionrent.com/,Kathu,Services,4.9
Bisou Phuket - French Restaurant,https://bisouphuket.com/,Cherngtalay,French Restaurant,5
Issara Restaurant & Bar – Boat Avenue,https://issaraphuket.com/,Bang Tao,Restaurant,4.9
TONOAK SEAFOOD&CAFE,https://www.facebook.com/Ton-Oak-Seafood-Caf%C3%A9-113094253420272/,Koh Kaew,Seafood Restaurant,4.8
DEV’S FASHION,http://www.devsfashionphuket.com/,Patong,Tailor,5
Suit fitter,https://prosuitfitter.com/,Patong,Tailor,5
Sea Fire Salt Phuket,https://www.anantara.com/en/mai-khao-phuket/restaurants/sea-fire-salt?utm_source=GoogleMyBusiness&utm_medium=GMB&utm_term=SeaFireSalthuketVillas&utm_SeaFireSalt&utm_campaign=Google_GMB,Mai Khao,Seafood Restaurant,4.5
Sirada Massage by Yaya,https://www.facebook.com/share/12KtSL5Vzu1/?mibextid=wwXIfr,Kata,Massage spa,4.8
Diving Center in Phuket Дайвинг центр на Пхукете «Crazy Frog Diving»,https://a-diving.ru/,Chalong,Sports Activity Location,5
Exclusive Tailor,https://www.exclusivetailor.com/,Patong,Tailor,5
Froggy's Fun Park (online booking),https://froggysfunpark.com/,Patong,Indoor Playground,4.3
Siwilai Spa Phuket ศิวิไลซ์ สปา ภูเก็ต,https://ramadaplazachaofah.com/siwilai-spa/,Chalong,Spa,4.9
The Boathouse Restaurant,https://boathouse-phuket.com/restaurant/the-boathouse-restaurant,Kata,Restaurant,4.4
VANNOTEN TAILORS,https://vannotentailors.com/,Patong,Tailor,4.9
All4Diving Phuket,https://www.scubadiving-phuket.com/,Patong,Sporting Goods Store,5
Baan Khao Soi (Kata),https://baan-khao-soi.com/,Kata,Restaurant,4.9
Super Divers Phuket,https://superdiversphuket.com/,Patong,Tour Agency,4.9
CHAR'D Grill Phuket,https://www.avistagrandephuketresort.com/best-restaurant-in-phuket-karon/romantic-dining-phuket-chard-grill-steakhouse/,Kata,Steak House,4.7
The 21 Restaurant,https://the21phuket.com/,Bang Tao,Restaurant,4.8
DiveSafe Phuket,https://divesafephuket.com/,Chalong,Tour Agency,4.9
Sharkey Scuba Karon,http://www.sharkeyscuba.com/,Karon,Sports Activity Location,5
Being Tours and Travel,http://www.beephukettours.com/,Patong,Travel Agency,4.6
Ali's BBQ BangTao,http://alisbbq.com/,Cherngtalay,Restaurant,4.7
The Harbor Restaurant,https://www.theshorephuket.com/the-feast/the-harbor/,Kata,Restaurant,4.8
Oneloft Hotel,http://www.onelofthotel.com/,Kata,Hotel,4.6
Tatonka,https://www.tatonkaphuket.com/,Bang Tao,Restaurant,4.7
The Kata Rocks Clubhouse,https://www.katarocks.com/dining/,Kata,Restaurant,4.4
Oto Play Park Central Phuket,https://phuket.otoplay.co/,Old Town,Amusement Center,4.8
The Phuket Trip Tour and Travel,https://www.pkphukettrip.com/,Patong,Travel Agency,4.8
Pearl Spa In Phuket,http://bit.ly/2x5JvwF,Kata,Spa,4.9
Anthony's Bespoke Tailor Phuket,https://www.anthonysbespoketailor.com/,Karon,Tailor,4.9
Instyle Tailors,https://www.instyletailors.com/,Patong,Tailor,5
BOA Nightclub Phuket,https://boaclubphuket.com/,Patong,Night Club,4.5
Tailor Pro Phuket,http://www.tailorprophuket.com/,Kata,Tailor,4.9
La Napoletana,https://lanapoletana.com/,Bang Tao,Italian Restaurant,4.6
Solis Beach Club Phuket,https://solis-phuket.com/,Bang Tao,Business,4.7
"Motown On Fire Steak House, Karon",https://motownsteakhouse.com/,Kata,Restaurant,4.7
Raithai Phuket Tour,https://www.facebook.com/RaithaiPhuketTourinformation?mibextid=LQQJ4d,Patong,Travel Agency,4.8
Siam Dive Center,https://www.siamdive.com/,Phuket Town,Tour Agency,5
Aqua Kingdom Phuket,https://m.facebook.com/AquaKingdom-Waterpark-Kindee-Bistro-104375894909466/?mibextid=LQQJ4d,Cherngtalay,Water Park,4.4
Her & Him(Phuket Old Town)Thai Tailor เฮอร์ แอนด์ ฮิม ภูเก็ตเมืองเก่า,http://wa.me/66894744407,Phuket Town,Tailor,4.9
"PHUKET MINIBUS TRAVEL CO., LTD.",https://phuketminibustravel.com/,Chalong,Travel Agency,5
Travel Phuket With UF,http://travelphuketwithuf.com/,Patong,Travel Agency,4.9
Phuket Wonders Travel,https://tantulika12.wixsite.com/travel/85,Chalong,Travel Agency,4.9
7th Floor Restaurant & Bar,http://www.7floor-restaurant.com/,Bang Tao,Restaurant,4.7
Kidzooona Central Phuket,https://aeonfantasy.co.th/,Old Town,Amusement Center,3.9
Phuket Best Tours,https://bio.site/bestofphuket,Kata,Tour Agency,4.7
Motorbike Rentals Phuket - Pasak 3,https://www.motorbike-rentals-phuket.com/,Bang Tao,Services,4.9
Jivana Spa,https://avistahideawayphuketresort.com/phuket-spa-wellness/jivana-spa-in-phuket/,Patong,Massage spa,4.9
Laoteng Boutique Hotel,https://laotengboutique.com/,Phuket Town,Hotel,4.9
Infinite Luxury Spa,https://www.katarocks.com/phuket-luxury-spa/,Kata,Spa,4.9
American Divers Phuket,https://www.americandiversphuket.com/contacts/,Kata,Sports Activity Location,5
Patong Dive Center,http://www.patongdivecenter.com/,Patong,Sporting Goods Store,4.9
Mojitobar Patong Phuket,https://www.facebook.com/Mojitobar.paradise,Patong,Bar,4.5
Phuket Garage,https://phuket-garage.com/,Kamala,Services,5
phuket Up To You Travel & Agency,https://airporttaxisummer.my.canva.site/phuket-airport-taxi-service-flyer,Old Town,Tour Agency,4.9
Indepth Dive Centre PADI 5* IDC & TecRec Centre,http://www.idcphuket.com/,Chalong,Sporting Goods Store,4.9
Phuket Travel Shop,http://www.phukettravelshop.com/,Patong,Travel Agency,4.6
K PARK PHUKET,http://www.kparkphuket.com/,Old Town,Community Center,4.6
Phi Phi Island Tour,https://www.qbictravel.com/tour-destination/phi-phi-islands/,Karon,Tour Agency,4.6
Champa Massage Kata,https://www.champa-group.com/,Kata,Massage,4.6
JD MASSAGE KATA PHUKET,https://www.facebook.com/profile.php?id=61556130549140&mibextid=ZbWKwL,Kata,Massage spa,4.8
South Tours,https://southtours.com/,Patong,Travel Agency,4.6
Endless Summer Beach Club,https://endlesssummerbeachclub.com/,Patong,Business,4.8
Phuket Island Hopping,https://marvelgeorgia19.wixsite.com/phuket-island-hopper,Phuket Town,Tour Agency,4.6
Phuket Malee Tour and Travel,http://phuketmalee.com/,Patong,Travel Agency,5
Oceanic Dive Center Kata Beach Scuba Diving,http://www.oceanicdivecenter.com/,Kata,Tour Agency,4.9
Phuket Tours Company,https://www.phukettourscompany.com/,Kathu,Tour Agency,4.2
Hollywood Phuket,http://hollywoodphuket.tilda.ws/,Patong,Bar,3.1
Prime & Flame,https://www.katathani.com/restaurant/prime-and-flame/,Kata,Restaurant,4.9
Edge Beach Club,https://www.pullmanphuketpanwa.com/restaurant-bars/edge-beach-club/,Cape Panwa,Bar,4.6
Phuket On Tours,https://www.tiktok.com/@phuketontours,Karon,Travel Agency,5
Elegance Travel,https://tantulika12.wixsite.com/travel/85,Phuket Town,Travel Agency,4.9
The Deck Beach Club Patong,https://www.thedeckbeachclubpatong.com/,Patong,Restaurant,4.3
We Island Land Tour,https://tourphuketpattaya.tilda.ws/,Patong,Tour Agency,4.8
Koh Tour Phuket,https://kohtourphuket.com/,Old Town,Tour Agency,4.7
"Motown On Fire Steak House and Bar, Kata",https://motownsteakhouse.com/,Kata,Restaurant,4.9
Empire Discotheque,http://www.empirephuket.com/,Patong,Night Club,2.9
Best Phuket​ Island​ Tour​,https://www.instagram.com/bestphuketislandtour?igsh=MXg0NXBoMDZjNDN1Ng==,Patong,Business,4.9
Beach House Layan,https://www.beachhouselayan.com/,Bang Tao,Restaurant,4.4
Prasert Phuket Travel and Tours,https://tantulika12.wixsite.com/travel/85,Old Town,Travel Agency,5
LA Napoletana Old Town,https://lanapoletana.com/,Old Town,Italian Restaurant,4.9
Dao Motorbike Rental Phuket ⭐,http://wa.me/66952609547,Old Town,Services,5
Phuket Dive Center,http://www.phuketdivecenter.com/,Chalong,Sporting Goods Store,4.9
YoPhuket,https://en.yophuket.com/,Old Town,Tour Agency,4.7
Sun Leisure World,https://www.sightseeingphuket.com/,Patong,Tour Agency,4.5
Phuket Explore,http://phuketexplore.com/,Rawai,Business,5
Phuket Chill Trips,https://tantulika12.wixsite.com/travel/85,Old Town,Tour Agency,5
Phuket Travel Agency Dot Net,http://www.phukettravelagency.net/,Patong,Travel Agency,5
C.I.M tour Phuket,https://tantulika12.wixsite.com/travel/85,Old Town,Tour Agency,4.7
360 bar,https://www.pavilionshotels.com/phuket/360-bar,Bang Tao,Bar,
6th Avenue Surin Condominium,https://6avenuephuket.com/,Surin,Hotel,
7 Тур,https://7tour-phuket.ru,Kata,Tours & travel,
Absolut mixed martial arts,https://absolutemmathailand.com,Nai Harn,dojo,
AIM Phuket,https://www.facebook.com/aimphuket/about,Koh Kaew,Restaurant,
All 4 Dive,https://www.scubadiving-phuket.com,Chalong,Diving,
All Vegan,https://all-vegan-cafe-restaurant.business.site/,Rawai,Restaurant,
Andaman Cannacia Resort,https://www.phuket-cannacia.com/,Kata,Hotel,
Andaman Embrace Resort & Spa Patong Phuket,https://www.andamanembrace.com/,Patong,Hotel,
Andaman Seaside Resort,www.andaman-seaside-resort.com,Bang Tao,Hotel,
Andara Resort & Villas,https://www.andaraphuket.com/,Kamala,Hotel,
Angsana Laguna Phuket,https://www.angsana.com/en/thailand/laguna-phuket,Bang Tao,Hotel,
Angus O’Tool’s Irish Pub,https://otools-phuket.com/irish-pub/,Karon,Bar,
Anthony’s Bespoke Tailor,https://www.anthonysbespoketailor.com/,Karon,Tailor,
Araya House,https://arayahouse.com,Surin,Hotel,
Aromdee massage,https://aromdeemassage.netlify.app/,Patong,Massage & spa,
ART BOX CATERING,artboxcatering.com,Chalong,Restaurant,
At Beach Bar and Restaurant,https://atbeachrestaurant.com,Kata,Restaurant,
At Kamala,https://atkamalahotel.com,Kamala,Hotel,
Atmanjai Detox Yoga Wellness,https://www.atmanjai.com,Rawai,Gym & fitness,
Aura,https://aurarestorant.tilda.ws,Kata,Restaurant,
Avista Hideaway Phuket Patong - MGallery,https://www.avistahideawayphuketresort.com/,Patong,Hotel,
B&B NAMO PHUKET,https://www.agoda.com/de-de/b-b-namo-phuket/hotel/phuket-th.html?cid=1640100,Kathu,Hotel,
Baan 125,https://baan125stay.com/,Phuket Town,Café,
Baan Karon Resort,https://www.phuketbaankaron.com/,Kata,Hotel,
Baan Kata Villas,https://www.villaroyalephuket.com/,Kata,Hotel,
Baan Sabai Phuket,https://www.baansabaiphuket.com/,Nai Harn,Hotel,
BAAN ไวน์แอนด์สปิริต,https://baan-food.com/,Phuket Town,Restaurant,
Baantonsai Garden Resort,https://btonsai.com/,Patong,Hotel,
Baba Chino,https://www.babaphuket.com/baba-chino-luxury-chinese-restaurant/,Cape Panwa,Restaurant,
Baba IKI,https://www.babaphuket.com/baba-iki-the-best-japanese-restaurant/,Cape Panwa,Restaurant,
Baba Nest,https://www.babaphuket.com/baba-nest-exclusive-rooftop-bar/,Cape Panwa,Bar,
Baba Poolclub,https://www.babaphuket.com/baba-poolclub-international-cuisine/,Cape Panwa,Restaurant,
Baba Soul Food,https://www.babaphuket.com/baba-soul-food-best-thai-cuisine/,Cape Panwa,Restaurant,
Bamboo Beach Hotel and Spa,http://www.bamboobeachhotel.com/,Patong,Hotel,
Bellmans Restaurant & Guesthouse,https://www.bellmans.nu/,Karon,Restaurant,
Belove Yoga Rooftop Studio,https://www.facebook.com/Feelhappydoingyoga,Kata,Gym & fitness,
Best Western Patong Beach,https://www.bestwesternpatongbeach.com/,Patong,Hotel,
BlackDuck Homecoffee,blackduckhomecoffee@gmail.com,Old Town,Café,
Bliss Beach Club,https://catchbeachclub.com,Bang Tao,Bar,
Blow,https://m.facebook.com/blowvip/,Patong,Nightlife,
Blu Monkey,https://www.blumonkeyhotels.com/boutiquephukettown/,Old Town,Hotel,
Blue Tree,https://www.bluetree.fun/,Cherngtalay,Water park,
Bluewave,https://m.facebook.com/Bluewavephuket/,Cape Panwa,Restaurant,
Booktree Library & Café,https://m.facebook.com/Booktree-Library-Caf%C3%A9-211800802752246/?ref=page_internal&mt_nav=0,Paklok,Café,
"Braun Car Rentals, Phuket",http://www.braun-rentacar.com,Nai Yang,Vehicle rental,
Brook Resort & Villas,https://brookresort.com/,Chalong,Guesthouse,
Bukit Elephant Park,https://www.bukitelephantpark.com,Chalong,Attraction,
Burger & Pasta Factory,https://www.burger-phuket.com/,Bang Tao,Restaurant,
Burger Town Patong (Halal / حلال),https://www.facebook.com/burgertownpatong,Patong,Restaurant,
Cafe del Mar,https://phuket.cafedelmar.com,Kamala,Restaurant,
Cafeopera Live - Kata Beach,https://www.facebook.com/pages/Cafeopera-live-Kata-Beach/269189859788067,Kata,Restaurant,
Capannina,http://www.capannina-phuket.com/en/restaurant.html,Kata,Restaurant,
Capannina Inn,https://phuket-capannina-inn.com/,Kata,Hotel,
Cape Panwa Hotel,https://www.capepanwa.com/,Cape Panwa,Hotel,
Car Hire Phuket,https://monkeycar.ru,Karon,Vehicle rental,
CC Porntip Hotel,ccporntiphotelphuket.com,Patong,Hotel,
CC's Hideaway,https://www.ccshideaway.com/,Kata,Hotel,
"Cel Tours Thailand Co.,Ltd.",https://www.celtours-thailand.com/,Kathu,Tours & travel,
Centara Grant,https://www.centarahotelsresorts.com,Karon,Hotel,
Chalong Beach Hotel & Spa,http://www.chalongbeachhotelandspa.com,Panwa,Hotel,
Champa,https://www.champa-group.com,Karon,Massage & spa,
Chanadda,https://www.katathani.com/restaurant/chanadda,Kata,Restaurant,
Chang Gym,https://www.changmuaythai.com/,Kata,Gym & fitness,
Chao Doi,http://www.chaodoicoffee.com,Chalong,Café,
Chaofa west suites,https://chalongapartment.com,Chalong,Guesthouse,
Chivitr Health and Rejuvenation,https://www.chivitr.com/,Nai Harn,Hotel,
Choophorn House,https://choophornhouse.com/,Kata,Guesthouse,
Ciao Pizza,https://pizzagrillphuket.com,Karon,Restaurant,
Cielo,https://trisara.com/cielo/,Bang Tao,Restaurant,
Cloud 19 Beach Retreat,https://www.cloud19phuket.com/,Cape Panwa,Hotel,
Club Bamboo Boutique Resort & Spa คลับแบมบูล บูติก รีสอร์ท,https://clubbamboo.com/,Patong,Hotel,
Cool Spa,https://www.coolspaphuket.com/luxury-cool-spa-phuket/,Cape Panwa,Massage & spa,
Coral Inn & Coral Restaurant,coralinnphuket.com,Karon,Hotel,
Curry Night 2,https://web.facebook.com/currynight2patong,Patong,Restaurant,
D.D. Seafood,https://maps.app.goo.gl/JTRavTYowGPXoKxaA,Airport,Café,
d'Odessa,https://odessaphuket.com,Bang Tao,Restaurant,
Dala,https://trisara.com/,Bang Tao,Restaurant,
DaVinci,https://davinciphuket.com/,Nai Harn,Restaurant,
Delico,https://www.facebook.com/pg/Delico-Decoration-Coffee-Dessert-2383434985277709/about,Koh Kaew,Café,
DELTA Fitness,https://web.facebook.com/deltachalong/,Chalong,dojo,
Devlaya Massage Manik,https://www.devlayamassage.com/,Cherngtalay,Massage & spa,
Diamond Cottage Resort & Spa,https://whitesandbluesea.com/,Kata,Hotel,
Dibuk Restaurant,https://www.flickr.com/photos/eustaquio/3149575530/,Old Town,Restaurant,
Dream Phuket Hotel & Spa,https://dreamhotels.com/,Bang Tao,Hotel,
Duangjitt Resort and Spa,https://duangjittresort-spa.com/,Patong,Hotel,
Eat me bakery and cafe,https://www.facebook.com/eatme.bakerycafe,Old Town,Café,
Eden,https://www.edenpatong.com/,Patong,Hotel,
Eightfold Restaurant,https://www.tripadvisor.com/Restaurant_Review-g1210687-d1392030-Reviews-Eightfold_Restaurant-Kata_Beach_Phuket.html,Kata,Restaurant,
El Greco,https://elgrecothailand.com,Kata,Restaurant,
Elephant bathing,https://chalongelephantretirement.com,Chalong,Attraction,
Eleven Two & Co.,https://www.facebook.com/eleventwoandco/,Phuket Town,Restaurant,
Enjoy time cafe,https://www.facebook.com/profile.php?id=100093305727164&mibextid=LQQJ4d,Old Town,Café,
Enjoys Beach House Karon,http://enjoys-phuket.com/rus/facilities.html,Karon,Café,
enricohostelpatong.com,https://enricohostelpatong.com,Patong,Guesthouse,
Filling Station Phuket Restaurant & Dispensary,https://fillingstationphuket.com/,Chalong,Restaurant,
Flamingo Bar (Bandara Hotel),https://www.phuketflamingo.com,Cape Panwa,Bar,
Float Indigo,https://www.floatindigo.com,Chalong,Gym & fitness,
Flying Hanuman,https://flyinghanuman.com,Kathu,Attraction,
Food Market Kata,https://www.foodmarketkata.com,Kata,Restaurant,
Fork & Spoon Restaurant,http://facebook.com/forkspoonrestaurant,Kata,Restaurant,
Foto Hotel,https://fotohotelphuket.com/,Phuket Town,Hotel,
FOTO HOTEL PHUKET,https://fotohotelphuket.com/,Kata,Hotel,
Fresca Kitchen & Deli,https://www.stayphuketresort.com/best-restaurant-in-phuket-fresca/,Kata,Restaurant,
Full Moon Beach Resort Phuket,fullmoonbungalowsphuket.com,Kata,Hotel,
Fusion Suites Phuket Patong,https://www.fusion-suites.com/phuketpatong,Patong,Hotel,
FX Fitness Gym,https://www.fxfitnessphuket.com/,Rawai,Gym & fitness,
FX Fitness Power Gym,https://www.fxfitnessphuket.com/,Rawai,Gym & fitness,
Golden Sand Inn,https://phuketgoldensand.com/,Karon,Hotel,
Good Day Phuket,http://www.gooddayphuket.com,Old Town,Hotel,
Grand Sunset Hotel,https://grandsunsethotel.com,Karon,Hotel,
Green Bar Phuket,https://www.facebook.com/profile.php?id=100084745383239,Phuket Town,Restaurant,
Green Crab House Phuket,https://www.greencrabhouse.com/,Cape Panwa,Restaurant,
Green Terrace Phuket,https://greenterracephuket.com,Kathu,Restaurant,
Grifterz Lounge,https://grifterz.com/,Kata,Café,
Grizzly's Sports Bar,https://www.facebook.com/Grizzlyssportsbarkathu/,Kathu,Café,
GROM Cha,https://www.facebook.com/gromcha,Old Town,Café,
Harley-Davidson Phuket,http://www.harley-davidsonphuket.com/,Airport,Vehicle rental,
Healthy Mania,https://www.healthymania.co/,Rawai,Restaurant,
Heaven,https://instagram.com/heavenphuket_official,Kata,Restaurant,
HEH,https://www.hehphuket.com/,Old Town,Restaurant,
Hello India,https://helloindiaphuket.com,Karon,Restaurant,
Hockhoelee cafe,https://www.hockhoelee.com,Rawai,Café,
Holiday Inn Express Phuket Patong Beach Central,https://www.ihg.com/,Patong,Hotel,
Honda Big Wing Phuket,https://www.aphonda.co.th/hondabigbike/,Old Town,Vehicle rental,
HoneyMoon Thai,https://honeymoon-by-kenya.com/food-menu/,Patong,Restaurant,
Horizon,https://www.agoda.com/asia/thailand/phuket/horizon_patong_beach_resort_spa.html?site_id=1410186,Patong,Hotel,
Horizon Karon Beach Resort & Spa,https://www.horizonbeach.com/,Kata,Hotel,
Hosay Bowl Phuket Town,https://www.hosaybowl.com/,Old Town,Restaurant,
Hotel Novotel Phuket Vintage Park Resort,https://novotelphuketvintagepark.com/,Patong,Hotel,
Island Herb Spa,http://www.islandherbspa.com,Chalong,Beauty & spa,
Island Herbal Sauna,http://www.islandherbspa.com,Chalong,Beauty & spa,
Island Tours by Unicorn Phuket,https://noorphukettour.com/,Chalong,Tour Agency,
Ivan Durian Tour,https://ivandurian.ru,Kata,Tours & travel,
JAMPA restaurant,https://jamparestaurant.com/,Bang Tao,Restaurant,
Jono X Phuket Karon,https://www.jonohotels.com,Karon,Hotel,
Jw Marriott Phuket Resort and Spa,https://www.marriott.com/en-us/hotels/hktjw-jw-marriott-phuket-resort-and-spa/overview/,Mai Khao,Hotel,
Kalido,https://www.kalidophuket.com,Surin,Restaurant,
Kamala 555,https://kamala555.com,Kamala,Hotel,
Kantary Bay Hotel Phuket,https://www.kantarybay-phuket.com/,Cape Panwa,Hotel,
Karlsson,https://www.karlssonrestaurant.com,Karon,Restaurant,
Karon Beach Inn,https://welcome-inn.com/,Karon,Hotel,
Karon Sea Sands Resort,https://karonseasand.com/,Karon,Hotel,
Karona Resort & Spa,https://karonaresort.com/,Kata,Hotel,
Kata Gardens Apartments,https://katagardens.net/,Kata,Hotel,
Kata Noi Resort,https://katanoiresort.com/,Kata,Hotel,
Kata Ocean View Residences,https://kataoceanview.com/,Kata,Hotel,
Kata Pool Side Resort,https://www.katapoolside.com,Kata,Hotel,
Kata Sun Beach,https://katasunbeach.com/,Kata,Hotel,
Kata Villa,https://www.katavilla.com/,Kata,Restaurant,
Katamanda Luxury Villas,katamanda.com,Kata,Hotel,
Katatani Phuket,https://www.katathani.com,Kata,Hotel,
Kataview Guesthouse,kataviewguesthouse.com,Kata,Guesthouse,
Kawasaki Big Bikes Phuket,https://www.kawasaki.co.th/,Phuket Town,Vehicle rental,
Khao Oat airport,https://khaooatairport.top/,Airport,Hotel,
Khok Chang Kata Safari,https://kokchangsafari.com/,Kata,Theme park,
Kim's Massage and Spa,https://www.kimsmassagespa.com/,Patong,Massage & spa,
Kimono Japanese Massage,https://www.facebook.com/kimonoMassage,Rawai,Massage & spa,
Kin-Dee,https://www.boutiqueresortphuket.com/,Paklok,Café,
KoKosnuss,https://www.phuketkokosnuss.com/,Kamala,Restaurant,
Kru Oh Muay Thai,https://www.kruohmuaythai.com,Rawai,dojo,
KTM Phuket,https://www.facebook.com/ktmphuket/,Phuket Town,Vehicle rental,
L'Arôme by the sea,https://en.laromegroup.com/laromebythesea,Patong,Restaurant,
l'esprit the Naiyang Resort,https://www.lespritresort.com,Nai Yang,Hotel,
La Gaetana,https://www.phuket.com/magazine/la-gaetana.htm,Phuket Town,Restaurant,
La Scala,https://www.katathani.com/restaurant/la-scala,Kata,Restaurant,
La Taverna,https://www.latavernaphuket.com/,Koh Kaew,Restaurant,
le Piman Resort,lepimanresort.com,Rawai,Hotel,
Le Resort & Villa,https://leresort.com,Nai Harn,Hotel,
Lemon House,https://www.lemonhouse.com/,Patong,Hotel,
Let’s Relax Spa,https://www.letsrelaxspa.com,Patong,Massage & spa,
Limburi Hometel,https://limburi.com/,Patong,Hotel,
M-BAR,https://www.pullmanphuketarcadia.com/dine-imbibe/m-bar/,Nai Yang,Bar,
Mai Karon,https://maikaron.com,Karon,dojo,
Mamma Mia,https://mammamiaphuket.com,Kamala,Restaurant,
Mango Yellow Cafe,https://mango-yellow-cafe.business.site,Cherngtalay,Café,
Matchoya Phuket,https://matchoya.co,Paklok,Café,
MAYA beach club Phuket,https://www.mayabeachclubphuket.com,Bang Tao,Restaurant,
McDonald's Drive Thru Bukis Phuket,https://www.mcthai.co.th/,Old Town,Street food,
Millennium Resort,https://millenniumhotels.com/,Patong,Hotel,
Million Patong Beach Resort,millionpatong.com,Patong,Hotel,
Ming Shou Boutique House,https://ming-shou-boutique-house-guest-house-phuket.hotel-mix.de/#w,Old Town,Guesthouse,
Mom Tri's Villa Royale Hotel,https://www.villaroyalephuket.com/,Kata,Hotel,
Moutain Sea View Luxury Apartments,https://mountainseaviewphuket.com/,Kata,Hotel,
Mr Coffee,https://m.facebook.com/profile.php?id=914835365279738,Karon,Café,
Nac3 Café,https://www.facebook.com/Nac3cafe,Phuket Town,Café,
NAC3 Cafe' by the sea,https://www.facebook.com/Nac3CafebyTheSea,Cape Panwa,Café,
Nai Yang Beach Resort,https://www.naiyangbeachresort.com,Nai Yang,Hotel,
Naka Muay Thai,http://www.nakamuaythai.com,Kata,dojo,
Namm spa boutique,https://nammspa.com/,Bang Tao,Massage & spa,
New Life Phuket Classic,http://www.newlifephuket.com,Patong,Hotel,
NewStar Beauty Salon,http://patongbeautysalon.com,Patong,Beauty & spa,
Nina's Car,http://www.nina-car.com,Chalong,Vehicle rental,
No.9 2nd Restaurant,http://no92nd.restaurantwebexperts.com/,Patong,Restaurant,
Novotel Phuket Kata Avista Resort and Spa,https://www.novotelphuketresortkata.com,Kata,Hotel,
Oasis Spa,https://www.oasisspa.net/,Kamala,Massage & spa,
On Hill Residence Patong Phuket,https://www.booking.com/hotel/th/patong-bay-view-resort.ru.html?aid=304142;label=gen173nr-1FCA4oggJCAlhYSCFiBW5vcmVmaN0BiAECmAEhuAEJyAER2AEB6AEB-AEGkgIBeagCAw;sid=d0656c2f2faa5c38cdcbeef5a697e037,Patong,Hotel,
Ona Active,https://onaactive.com,Chalong,Gym & fitness,
Orchid Hotel and Spa,https://theorchidhotel-phuket.com/,Patong,Hotel,
Orchidacea Resort,https://www.orchidacearesort.com/,Kata,Hotel,
P.S Hotel & Restaurant,https://www.pshotel.com/,Patong,Hotel,
Paksaa Boutique Hotel,http://paksaa-boutique.com/,Patong,Hotel,
Palazzo Theatre & Restaurant,https://www.phuket-palazzo.com/,Kathu,Restaurant,
Palmyra Patong Resort Phuket,palmyrapatong.com,Patong,Hotel,
Panwa House,https://capepanwa.com/panwahouse/,Cape Panwa,Restaurant,
Papa Crab Boutique Guesthouse,https://www.phuketpapacrab.com,Kamala,Guesthouse,
Paragliding & Paramotor,https://paraglidingphuket.com,Karon,Gym & fitness,
Pasha,https://pashaphuket.com,Karon,Restaurant,
Patong Boxing Stadium,http://www.boxingstadiumpatong.com,Patong,dojo,
Patong Buri Resort,patongburiresort.com,Patong,Hotel,
Patong Marina Hotel,www.patongmarina.com,Patong,Hotel,
Pattra Mansion by AKSARA Collection,https://www.pattramansion.com/,Old Town,Hotel,
Peach Blossom Resort,https://www.phuket-peachblossom.com/,Kata,Hotel,
Pearl of Naithon,https://pearlofnaithon.com/,Nai Yang,Hotel,
Peter Kamala Guesthouse,http://www.pangibygget.net/,Kamala,Guesthouse,
Peter Pan,peterpanresortphuket.com,Patong,Hotel,
Phuket Best Tours | Kata Beach | Island Hopping & Transfer Services,https://www.phuketbesttours.com/,Kata,Tours & travel,
Phuket Cooking Academy,https://www.phuket-cooking-academy.com/,Cherngtalay,Restaurant,
Phuket Grappling Academy,https://instagram.com/phuketgrapplingacademy,Chalong,Gym & fitness,
Phuket International Horse Club,https://www.phukethorseclub.com/,Bang Tao,Gym & fitness,
Phuket Lotus Lodge,http://www.lotuslodge.de/,Nai Yang,Guesthouse,
Phuket Merlin Hotel,https://www.merlinphuket.com/cms/merlin_phuket/,Old Town,Hotel,
Phuket Orchid Resort & Spa,https://orchid.katagroup.com/,Karon,Hotel,
Phuket Property Show,https://www.phuketpropertyshow.com/,Old Town,Guesthouse,
Phuket Sports and Tennis Club,http://www.phuketsport.com,Kata,Gym & fitness,
Phuket Thalang Go-Kart and ATV,https://phuket-shootingrange.com/thalang-shootingrange/,Airport,Gym & fitness,
Phuket Trickeye Museum,http://www.phukettrickeyemuseum.com/,Phuket Town,Museum,
Phuket Villa Patong Beach,phuketvillapatongbeach.com,Patong,Hotel,
Phuket Yacht Club,https://phuketyachtclub.com/,Chalong,Restaurant,
Pizza Balconi,https://www.pizzabalconihalalphuket.com,Kata,Restaurant,
PJ Patong Resortel,https://www.pjmansion.com/,Patong,Hotel,
PLUM Prime Steakhouse,https://www.facebook.com/PlumCapeSienna,Kamala,Restaurant,
Poët,https://poetphuket.com,Kata,Restaurant,
Pool Bar BVR,https://www.phuket-boomerang.com/,Kata,Bar,
Porterhouse Beach Hotel Patong,https://porterhousebeachhotel.top/,Patong,Hotel,
Prime Burger Rawai,https://primeburger.co.th/,Chalong,Street food,
Princess Kamala,https://princesskamalabeachfronthotel.com,Kamala,Hotel,
Prodepran Restaurant & Bar,https://prodepran.com,Bang Tao,Restaurant,
Pumeria,https://www.theresidenceresort.com,Bang Tao,Hotel,
Pure & Pam Village,purepamvillage.com,Kata,Hotel,
Quick burger,http://quickburgerkathu@facebook.com,Kathu,Restaurant,
Rabbit Hole at Phuket,https://web.facebook.com/Rabbit-Hole-at-Phuket-1283580625144861,Paklok,Restaurant,
Ratana Platinum Resort,http://www.ratanaplatinum.com,Kamala,Hotel,
Rattana Beach Hotel,rattanabeach.com,Karon,Hotel,
Rawai Boxing Stadium,https://www.rawaiboxingcampphuket.com/,Rawai,dojo,
Red Planet Patong,https://www.redplanethotels.com/en/search/patong-phuket,Patong,Hotel,
Roadhouse Grill,https://www.facebook.com/RoadhouseGrillKaron/,Karon,Café,
Rosmarino,https://rosmarinorestaurant.com,Karon,Restaurant,
Royal Phuket Marina,https://www.royalphuketmarina.com,Koh Kaew,Marina & charters,
Royal Prince Residence,https://www.airbnb.com/users/24133108/listings,Patong,Hotel,
Sala Mexicali,https://www.salamexicali.com/,Chalong,Restaurant,
Salad Diary,http://thetitlephuket.wix.com/thetitlephuket,Rawai,Restaurant,
SalaDee Gallery Residence,saladee.com,Patong,Hotel,
Sam Pee Nong Restaurant & Hat Yai Fried Chicken,https://maps.app.goo.gl/TjVeRXfFDefgJEDZA,Patong,Restaurant,
Sam's indian Restaurant Kamala Phuket,https://sams.abhis.vip/,Kamala,Restaurant,
Sansabai Massage 3 in Thairapy zone in Jungceylon,http://www.sansabai-massage.com/,Patong,Spa,
Santosa Detox & Wellness Center,https://www.santosaphuket.com,Kata,Restaurant,
Sapphire Villa,sapphire-villa.com,Nai Harn,Hotel,
Scuba Quest,https://www.divingkamala.com,Kamala,dive_centre,
Sea Beach Inn,https://www.seabeachinn.com,Karon,Hotel,
Sea Sun Sand Resort & Spa,http://seasunsandresort.com/,Patong,Hotel,
Seafood at Trisara(SAT),https://trisara.com/dining-experiences/,Bang Tao,Restaurant,
Selina Serenity Rawai Pukhet,https://www.selina.com/thailand/phuket/,Rawai,Hotel,
Shabushi,https://www.oishifood.com/restaurant/shabushi/,Patong,Restaurant,
Shooting Range,https://phuketshooting.com,Nai Harn,Gym & fitness,
Siam Supper Club,https://siamsupperclub.com,Bang Tao,Restaurant,
Sila apartments,https://www.facebook.com/silaapartment,Cherngtalay,Hotel,
Sino Café,https://www.thedometennisclub.com/courts,Old Town,Café,
Soi Dog Foundation,https://www.soidog.org,Mai Khao,animal_shelter,
Soul,https://www.soulphuket.com/,Karon,Restaurant,
SP House Phuket,sphousephuket.com,Kata,Hotel,
Spa Burasari,https://spa.burasari.com/index.htm,Patong,Beauty & spa,
Splash Jungle Water Park,https://splashjunglewaterpark.com/,Airport,Water park,
STAY Wellbeing & Lifestyle Resort,https://www.stayphuketresort.com/,Kata,Hotel,
Sugar Marina Resort - Nautical,https://sugarmarina-nautical.com/,Kata,Hotel,
Sugar Marina Resort Art 3*,https://www.sugarmarina-art.com/,Karon,Hotel,
Sugar Palm Grand Hillside,https://www.sugarpalmgrand.com/,Kata,Hotel,
Sun Hill Hotel,https://sunhill-phuket.com/,Patong,Hotel,
Sunlique,https://sunlique.com,Kata,Restaurant,
Sunset Terrace & Lounge,https://www.phuket-katabeach.com/,Kata,Restaurant,
Sunset Terracec & Lounge,https://www.phuket-boomerang.com/,Kata,Restaurant,
Surfing,https://www.surfhousephuket.com,Kata,training,
Suzuki Big Bike,https://www.thaisuzuki.co.th/bigbike/,Phuket Town,Vehicle rental,
Tamarind bar,https://www.tripadvisor.com/Restaurant_Review-g1389361-d6351786-Reviews-Tamarind_Restaurant-Chalong_Phuket_Town_Phuket.html,Chalong,Bar,
Tann Terrace Phuket,https://tannterracephuket.com,Kata,Restaurant,
Tarp Bar,https://www.facebook.com/tarpbar,Koh Kaew,Bar,
Taste,https://tastebargrill.com/taste-kamala,Kamala,Restaurant,
Thaivetro Oldtown Icecream,https://thaivetro-oldtown.com/,Old Town,Café,
The Aim Patong Hotel,https://theaimpatong.com/,Patong,Hotel,
The Bliss South Beach Patong,https://www.hommhotels.com/hotels/homm-bliss-southbeach-patong,Patong,Hotel,
The Boathouse Phuket,boathousephuket.com,Kata,Hotel,
The Crib Patong,https://thecribpatong.com/,Patong,Hotel,
The Deck,https://www.pyhmarina.com/,Mai Khao,Restaurant,
The Dome Tennis Club,https://www.thedometennisclub.com,Old Town,Gym & fitness,
The Heights Phuket,theheightsphuket.com,Kata,Hotel,
The Melody Phuket,https://www.themelodyphuket.com,Kata,Hotel,
The Nai Harn,https://www.thenaiharn.com/,Nai Harn,Hotel,
The Natural Resort,https://naturalresort.net/,Patong,Hotel,
The Old Phuket,https://www.theoldphuket.com/,Karon,Hotel,
The Palms Kamala,https://www.thepalmskamala.com/,Kamala,Hotel,
The Pavilions Hotel,https://www.pavilionshotels.com/residences/phuket,Bang Tao,Hotel,
The Peaks Residence Kata noi,https://thepeaksresidence.com/,Kata,Hotel,
The Pizza Company,https://www.1112.com/,Patong,Street food,
The Reef @Zenmaya,https://www.facebook.com/ZenmayaOceanfrontPhuket,Patong,Restaurant,
The Restaurant,https://niranfarm.com/dining/,Cherngtalay,Restaurant,
The Royal Paradise Hotel & Spa Patong Phuket(Paradise Wing),https://royalparadise.com/,Patong,Hotel,
The Royal Paradise Hotel & Spa(เดอะรอยัล พาราไดส์ โฮเทล แอนด์ สปา),https://royalparadise.com/,Patong,Hotel,
The Shore at Katathani,https://www.theshorephuket.com,Kata,Hotel,
The Slate,https://www.theslatephuket.com/,Nai Yang,Hotel,
The Syrniki,https://www.instagram.com/syrniki.phuket/,Nai Harn,Café,
The Tide,https://hoteltidephuket.com/,Phuket Town,Hotel,
The Trend Kamala Hotel,https://www.thetrendkamala.com,Kamala,Hotel,
The View Phuket by Resava,https://theviewphuket.com/,Kata,Hotel,
The village Resort & Spa,https://thevillageresortandspa.com/,Karon,Hotel,
The Viridian Resort,https://www.viridianphuket.com/,Patong,Hotel,
Three Monkeys,https://threemonkeysphuket.com/,Chalong,Restaurant,
Tiger Complex Hotel,tigergrouppatong.com,Patong,Hotel,
Tiger Nightclub,https://www.tigernightclub.com/,Patong,Nightlife,
Toh-Daeng,https://baanarjor.com/restaurants/,Mai Khao,Restaurant,
Tony Resort โทนี่ รีสอร์ท,https://tonyresorts.com/,Patong,Hotel,
Top Trip Phuket Travel,https://konkohtour.com,Kata,Tours & travel,
Traditional Ashtanga Yoga Shala,https://taysp.com,Chalong,Gym & fitness,
TU,https://www.babaphuket.com/tu-best-rooftop-bar-in-phuket/,Cape Panwa,Bar,
Ubuntu Eat,https://www.ubuntueat.com,Phuket Town,Restaurant,
Uppercuts Muay Thai,https://www.uppercutsmuaythai.com,Rawai,dojo,
UTimeFitness,https://utimefitness.com/locations/blue-tree-phuket/,Cherngtalay,Gym & fitness,
VILLA GINBORN,villaginborn.wixsite.com,Kata,Hotel,
Villa Sonata,https://www.villasonataphuket.com,Chalong,Hotel,
Villa Tona Phuket,villatonaphuket.com,Kata,Hotel,
Wabi Sabi Boutique Hotel,https://www.wabisabiphuket.com,Kamala,Hotel,
Wake up Restaurant & Cafe,https://www.facebook.com/wakeupphuket,Phuket Town,Restaurant,
Wan's Corner,https://www.facebook.com/wanscorner.phuket,Chalong,Restaurant,
Weed Point | Premium Buds | Cannabis Phuket,https://instagram.com/wdpointphuket,Chalong,Bar,
Wo Ai Ni,https://baanarjor.com/restaurants/,Mai Khao,Restaurant,
Workout Club,https://www.workoutclubthailand.com,Old Town,Gym & fitness,
Wyndham Garden Phuket Kamala,https://www.wyndhamhotels.com/wyndham-garden/kamala-phuket/wyndham-garden-phuket-kamala/overview,Kamala,Hotel,
Yanui Paradise Beach Resort,https://www.yanuiparadisebeach.com,Rawai,Hotel,
Yes Brewery,https://www.yesbrewery.com,Phuket Town,Bar,
Yga Phuket on the beach,https://yga.se/thailand,Bang Tao,Gym & fitness,
Yoga Baan Dharmachati,https://web.facebook.com/p/Yoga-Baan-Dharmachati-100063550482035,Koh Kaew,Gym & fitness,
โกลด์ชูตเตอร์คลับ,https://goldshooterphuket-online.globaltix.com/,Nai Harn,Gym & fitness,
ไกช,https://m.facebook.com/profile.php/?id=100064186471064,Old Town,Restaurant,
ไก่ย่างวิเชียร 99 ริมป่ามาร์เก็ต - Wichian 99 Grilled Chicken,https://www.facebook.com/Wichian99GrilledChicken,Old Town,Restaurant,
ครัวของหรอย,https://www.facebook.com/kongroikitchen,Bang Tao,Restaurant,
เช่ารถรายวัน,https://trueleasing.co.th/,Nai Yang,Vehicle rental,
ณีรานภา,https://niranapa.com,Kata,Hotel,
ตลาดชิลล์วา 2 (อาหารทะเล),https://facebook.com/Chillvamarket,Old Town,Market,
ตลาดนัดชิลล์วา,https://facebook.com/Chillvamarket,Old Town,Market,
ถนน เจ้าฟ้าตะวันออก,https://www.teatroprovincial.gob.ar/,Chalong,Restaurant,
ถาวร ปาล์ม บีช รีสอร์ท,https://www.thavornpalmbeach.com,Karon,Hotel,
ทางเดินอาหาร,http://gastroport.tilda.ws,Surin,Restaurant,
บียอนด์ กะตะ,https://kata.beyondresort.com/,Kata,Hotel,
บียอนด์ กะรน,https://karon.beyondresort.com,Kata,Hotel,
บูมเมอร์แรงอินน์,http://www.boomeranginn.com,Patong,Hotel,
บู๊ลิ้มหม้อไฟ,ajindai.com,Old Town,Restaurant,
พระพุทธมิ่งมงคลเอกเนาคคีรี,https://phuket-big-buddha.com/,Kata,Attraction,
พิพิธภัณฑ์เพอรานากัน,https://peranakanphuketmuseum.com/,Phuket Town,Museum,
มาที่นี่ เฮ้าส์,https://www.facebook.com/martinihousephuket/,Cherngtalay,Bar,
มายามี่,https://www.miami-production.com,Patong,Café,
โรงแรมกะตะธานี ภูเก็ต บีช รีสอร์ท,https://www.katathani.com,Kata,Hotel,
โรงแรมป่าตอง เฮอริเทจ,https://www.thekeeresort.com/,Patong,Hotel,
สวีทเดวิลคาเฟ่,https://facebook.com/SweetDevilPhuket,Old Town,Café,
ฮูลาฮูล่า สเต็ก,https://www.facebook.com/taninhulahula1319,Old Town,Restaurant,
