hotel	city	engine	booking_link	website
The Abbey Hotel	bath	UNREACHABLE		https://abbeyhotelbath.co.uk/
Dukes Hotel	bath	none-in-html		https://www.dukesbath.co.uk/
Queensberry Hotel	bath	none-in-html		https://www.thequeensberry.co.uk/
Haringtons Hotel	bath	Mews	https://app.mews.com/distributor/57662e28-3ba5-471b-b3d4-b287008b3109	https://www.haringtonshotel.co.uk/
Royal Hotel Bath	bath	none-in-html		https://www.royalhotelbath.co.uk/
Pulteney House	bath	none-in-html		https://www.pulteneyhotel.co.uk/
The Ayrlington	bath	none-in-html		https://ayrlington.com/
The Bird Hotel	bath	SynXis(Sabre)	https://be.synxis.com/	https://www.thebirdbath.co.uk/
Combe Grove Manor	bath	none-in-html		https://combegrove.com/
The Bath Priory	bath	none-in-html		https://www.thebathpriory.co.uk/
The Roseate Villa	bath	UNREACHABLE		https://www.villamagdala.co.uk/
The Old Mill Hotel	bath	none-in-html		https://www.oldmillbath.co.uk/
eight	bath	none-in-html		https://www.eightinbath.co.uk/
The Edgar Town House	bath	none-in-html		https://www.edgar-townhouse.co.uk/
Redcar Hotel	bath	UNREACHABLE		https://www.redcarhotelbath.co.uk
The Yard in Bath	bath	SiteMinder	https://direct-book.com/properties/theyardbathdirect	https://theyardinbath.co.uk
The Royal Crescent Hotel	bath	SynXis(Sabre)	https://be.synxis.com/	https://www.royalcrescent.co.uk/
Tasburgh House	bath	none-in-html		http://tasburghhouse.co.uk
The Gainsborough Bath Spa	bath	TravelClick	https://reservations.travelclick.com/111998	https://www.thegainsboroughbathspa.co.uk/
Hope Place Bath	bath	none-in-html		https://hopeplacebath.co.uk/
Wentworth House	bath	none-in-html		https://www.wentworthhouse.co.uk/
100 Princes Street	edinburgh	none-in-html		https://100princes-street.com/
Ardmillan Hotel	edinburgh	none-in-html		https://www.ardmillanhotel.com/
Bruntsfield Hotel	edinburgh	none-in-html		https://www.thebruntsfield.co.uk/
Cairn Hotel	edinburgh	none-in-html		https://www.cairnedinburgh.com/
28 York Place	edinburgh	none-in-html		http://28yorkplace.com/
Black Ivy	edinburgh	none-in-html		https://weareblackivy.com/
24 Royal Terrace	edinburgh	none-in-html		https://www.24royalterrace.co.uk/
Edinburgh House Hotel	edinburgh	UNREACHABLE		https://www.edinburgh-house.co.uk
21212	edinburgh	none-in-html		https://www.21212rooms.co.uk/
Calton Hill Rockhouse	edinburgh	none-in-html		https://rockhouse-edinburgh.com/
Culane House Hotel	edinburgh	none-in-html		https://www.culanehousehotel.co.uk/
Edinburgh City Suites	edinburgh	none-in-html		https://www.edinburghcitysuites.com/
Holyrood Aparthotel	edinburgh	none-in-html		https://www.holyroodaparthotel.com/
Haymarket Hotel	edinburgh	none-in-html		https://www.haymarket-hotel.co.uk/
Fingal	edinburgh	none-in-html		https://www.fingal.co.uk/
Gleneagles Townhouse	edinburgh	none-in-html		https://gleneagles.com/townhouse/
House of Gods	edinburgh	Mews	https://app.mews.com/distributor/7c5055a3-d834-40f9-8fc6-216164c991eb	https://www.houseofgodshotel.com/
Frederick House Hotel	edinburgh	Guestline	https://booking.eu.guestline.app/frederickhse/availability?hotel=FREDERICK	https://www.frederickhousehotel.com/
Kildonan Lodge Hotel	edinburgh	none-in-html		https://www.kildonanlodgehotel.co.uk/
Kimpton Charlotte Square	edinburgh	none-in-html		https://www.kimptoncharlottesquare.com/
Hanover 71 Suites	edinburgh	SiteMinder	https://direct-book.com/properties/hanover71suites	https://hanover71suites.com/
Hotel Ceilidh-Donia	edinburgh	eviivo	https://eviivo.com/products/website-manager/?utm_source=website-builder&utm_medium=footer&utm_campaign=website	https://www.hotelceilidh-donia.co.uk/
Merith House Hotel	edinburgh	none-in-html		https://www.merithhousehotel.co.uk/
Mono Suites	edinburgh	Cloudbeds	https://hotels.cloudbeds.com/widget/load/HbdPEF/horiz?newWindow=1	https://monosuitesedinburgh.co.uk/
Market Street Hotel	edinburgh	SynXis(Sabre)	https://be.synxis.com/?chain=5154&amp	https://www.marketstreethotel.co.uk/
Murrayfield Hotel	edinburgh	SiteMinder	https://direct-book.com/properties/murrayfielddirect?locale=en&amp	https://themurrayfieldhotel.co.uk/
New Town Hotel	edinburgh	none-in-html		https://www.newtownhotel.co.uk/
No. 32 Hotel	edinburgh	LittleHotelier	https://app.littlehotelier.com/properties/no32hotel	http://www.no32hotel.co.uk/
No. 53 Frederick Street	edinburgh	none-in-html		https://53frederickstreet.com/
Nira Caledonia	edinburgh	Profitroom	https://booking.profitroom.com/en/niracaledonia3/home?currency=GBP	https://niracaledonia.com/en/
Northumberland Hotel	edinburgh	none-in-html		https://www.thenorthumberlandhotel.co.uk/
Le Monde	edinburgh	none-in-html		https://lemondehotel.co.uk/
Playfair House Hotel	edinburgh	UNREACHABLE		https://www.playfairhousehotel.co.uk/
No 6 West Coates	edinburgh	none-in-html		https://www.no6westcoates.co.uk/
Rabble	edinburgh	none-in-html		https://www.rabbleedinburgh.co.uk/
Parliament House Hotel	edinburgh	none-in-html		https://parliamenthouse-hotel.co.uk/
Number 11 Brunswick Street	edinburgh	none-in-html		https://www.11brunswickst.co.uk/
Rosehall Hotel	edinburgh	none-in-html		https://www.rosehallhotel.co.uk/
Rutland Hotel	edinburgh	none-in-html		https://www.therutlandhotel.com/
Ten Hill Place	edinburgh	none-in-html		https://www.tenhillplace.com/
Stay Central	edinburgh	SiteMinder	https://direct-book.com/properties/CENTRALHOTELDIRECT?locale=en&	https://staycentral.co.uk/
Terrace Hotel	edinburgh	none-in-html		http://www.terracehotel.co.uk
Smith Place Hotel	edinburgh	none-in-html		https://www.smithplacehotel.com/
The Dunstane (Roseate)	edinburgh	none-in-html		https://thedunstane.com/
Carfax Hotel	bath	UNREACHABLE		http://www.carfaxhotel.co.uk
Bailbrook Lodge	bath	UNREACHABLE		http://www.bailbrooklodge.co.uk
Park View House Hotel	edinburgh	UNREACHABLE		https://parkviewhousehotel.co.uk/
